The	B-activity	B-activity
report	I-activity	I-activity
for	I-activity	I-activity
the	I-activity	I-activity
customer	I-activity	I-activity
is	I-activity	I-activity
sent	I-activity	I-activity
out	I-activity	I-activity
to	I-activity	I-activity
her	I-activity	I-activity
.	punctuation	punctuation

During	B-activity	B-signal
the	I-activity	I-condition
first	I-activity	I-condition
meeting	I-activity	I-condition
,	I-activity	punctuation
the	I-activity	B-activity
patient	I-activity	I-activity
is	I-activity	I-activity
examined	I-activity	I-activity
using	I-activity	I-activity
a	I-activity	I-activity
standard	I-activity	I-activity
checklist	I-activity	I-activity
which	I-activity	I-activity
is	I-activity	I-activity
filled	I-activity	I-activity
out	I-activity	I-activity
.	I-activity	punctuation

In	B-signal	B-signal
the	I-signal	B-signal
meantime	I-signal	B-activity
the	B-activity	B-activity
goods	I-activity	I-activity
can	I-activity	I-activity
be	I-activity	I-activity
already	I-activity	I-activity
packaged	I-activity	I-activity
by	I-activity	I-activity
the	I-activity	I-activity
warehousemen	I-activity	I-activity
.	punctuation	punctuation

In	B-signal	B-signal
the	I-signal	I-condition
following	I-signal	B-activity
an	B-activity	B-activity
automated	I-activity	I-activity
check	I-activity	I-activity
of	I-activity	I-activity
the	I-activity	I-activity
contract	I-activity	I-activity
documents	I-activity	I-activity
is	I-activity	I-activity
carried	I-activity	I-activity
out	I-activity	I-activity
within	I-activity	I-activity
the	I-activity	I-activity
CIS	I-activity	I-activity
(	I-activity	I-activity
customer	I-activity	I-activity
information	I-activity	I-activity
system	I-activity	I-activity
)	I-activity	I-activity
in	I-activity	I-activity
order	I-activity	I-activity
to	I-activity	I-activity
confirm	I-activity	I-activity
their	I-activity	I-activity
successful	I-activity	I-activity
generation	I-activity	I-activity
.	punctuation	punctuation

In	B-signal	B-signal
the	I-signal	I-condition
case	I-signal	I-condition
of	I-signal	I-condition
supplier	B-condition	I-condition
concurrence	I-condition	I-condition
the	B-activity	B-activity
grid	I-activity	I-activity
operator	I-activity	I-activity
would	I-activity	I-activity
inform	I-activity	I-activity
all	I-activity	I-activity
involved	I-activity	I-activity
suppliers	I-activity	I-activity
and	I-activity	I-activity
demand	I-activity	I-activity
the	I-activity	I-activity
resolution	I-activity	I-activity
of	I-activity	I-activity
the	I-activity	I-activity
conflict	I-activity	I-activity
.	punctuation	punctuation

The	B-activity	B-activity
process	I-activity	I-activity
of	I-activity	I-activity
Vacations	I-activity	I-activity
Request	I-activity	I-activity
starts	I-activity	I-activity
when	B-signal	B-activity
any	B-activity	B-activity
employee	I-activity	I-activity
of	I-activity	I-activity
the	I-activity	I-activity
organization	I-activity	I-activity
submits	I-activity	I-activity
a	I-activity	I-activity
vacation	I-activity	I-activity
request	I-activity	I-activity
.	punctuation	punctuation

After	B-signal	B-signal
receiving	B-condition	I-condition
the	I-condition	I-condition
sample	I-condition	I-activity
,	punctuation	punctuation
a	B-activity	B-activity
physician	I-activity	I-activity
of	I-activity	I-activity
the	I-activity	I-activity
lab	I-activity	I-activity
validates	I-activity	I-activity
its	I-activity	I-activity
state	I-activity	I-activity
and	I-activity	I-activity
decides	I-activity	I-activity
whether	I-activity	I-activity
the	I-activity	I-activity
sample	I-activity	I-activity
can	I-activity	I-activity
be	I-activity	I-activity
used	I-activity	I-activity
for	I-activity	I-activity
analysis	I-activity	I-activity
or	I-activity	I-activity
whether	I-activity	I-activity
it	I-activity	I-activity
is	I-activity	I-activity
contaminated	I-activity	I-activity
and	I-activity	I-activity
a	I-activity	I-activity
new	I-activity	I-activity
sample	I-activity	I-activity
is	I-activity	I-activity
required	I-activity	I-activity
.	punctuation	punctuation

After	B-signal	B-signal
the	B-activity	B-activity
customer	I-activity	I-activity
then	I-activity	I-activity
receives	I-activity	I-activity
the	I-activity	I-activity
report	I-activity	I-activity
about	I-activity	I-activity
service	I-activity	I-activity
performance	I-activity	I-activity
and	I-activity	I-activity
problem	I-activity	I-activity
resolution	I-activity	I-activity
from	I-activity	I-activity
Customer	I-activity	I-activity
Service	I-activity	I-activity
,	punctuation	punctuation
the	B-activity	B-activity
process	I-activity	I-activity
flow	I-activity	I-activity
at	I-activity	I-activity
the	I-activity	I-activity
customer	I-activity	I-activity
also	I-activity	I-activity
ends	I-activity	I-activity
.	punctuation	punctuation

Service	B-activity	B-activity
Management	I-activity	I-activity
then	I-activity	I-activity
prepares	I-activity	I-activity
the	I-activity	I-activity
final	I-activity	I-activity
status	I-activity	I-activity
report	I-activity	I-activity
based	I-activity	I-activity
on	I-activity	I-activity
the	I-activity	I-activity
received	I-activity	I-activity
information	I-activity	I-activity
.	punctuation	punctuation

The	B-activity	B-activity
MPO	I-activity	I-activity
reviews	I-activity	I-activity
the	I-activity	I-activity
change	I-activity	I-activity
request	I-activity	I-activity
.	punctuation	punctuation

Meantime	B-signal	B-signal
,	punctuation	punctuation
the	B-activity	B-activity
Cashier	I-activity	I-activity
captures	I-activity	I-activity
the	I-activity	I-activity
Party	I-activity	I-activity
Details	I-activity	I-activity
and	I-activity	I-activity
prints	I-activity	I-activity
the	I-activity	I-activity
Physical	I-activity	I-activity
Court	I-activity	I-activity
File	I-activity	I-activity
.	punctuation	punctuation

If	B-signal	B-signal
the	B-condition	I-condition
request	I-condition	I-condition
is	I-condition	I-condition
asked	I-condition	I-condition
to	I-condition	I-condition
make	I-condition	I-condition
a	B-activity	I-condition
change	I-activity	I-condition
then	I-activity	I-condition
it	I-activity	B-activity
is	I-activity	I-activity
returned	I-activity	I-activity
to	I-activity	I-activity
the	I-activity	I-activity
petitioner	I-activity	I-activity
/	I-activity	I-activity
employee	I-activity	I-activity
who	I-activity	I-activity
can	I-activity	I-activity
review	I-activity	I-activity
the	I-activity	I-activity
comments	I-activity	I-activity
for	I-activity	I-activity
the	I-activity	I-activity
change	I-activity	I-activity
request	I-activity	I-activity
.	punctuation	punctuation

She	B-activity	B-activity
also	I-activity	I-activity
gives	I-activity	I-activity
an	I-activity	I-activity
order	I-activity	I-activity
to	I-activity	I-activity
the	I-activity	I-activity
sommelier	I-activity	I-activity
(	I-activity	I-activity
i.e.	I-activity	I-activity
,	I-activity	B-activity
the	I-activity	B-activity
wine	I-activity	I-activity
waiter	I-activity	I-activity
)	I-activity	I-activity
to	I-activity	I-activity
fetch	I-activity	I-activity
wine	I-activity	I-activity
from	I-activity	I-activity
the	I-activity	I-activity
cellar	I-activity	I-activity
and	I-activity	I-activity
to	I-activity	I-activity
prepare	I-activity	I-activity
any	I-activity	I-activity
other	I-activity	I-activity
alcoholic	I-activity	I-activity
beverages	I-activity	I-activity
.	punctuation	punctuation

One	B-activity	B-activity
of	I-activity	I-activity
the	I-activity	I-activity
physicians	I-activity	I-activity
will	I-activity	I-activity
act	I-activity	I-activity
as	I-activity	I-activity
the	I-activity	I-activity
second	I-activity	I-activity
intaker	I-activity	O
.	punctuation	punctuation

The	B-activity	B-activity
risk	I-activity	I-activity
assessment	I-activity	I-activity
Web	I-activity	I-activity
service	I-activity	I-activity
is	I-activity	I-activity
invoked	I-activity	I-activity
to	I-activity	I-activity
assess	I-activity	I-activity
the	I-activity	I-activity
request	I-activity	I-activity
.	punctuation	punctuation

The	B-activity	B-activity
invoices	I-activity	I-activity
can	I-activity	I-activity
be	I-activity	I-activity
sorted	I-activity	I-activity
in	I-activity	I-activity
two	I-activity	I-activity
ways	I-activity	I-activity
:	I-activity	I-activity
by	I-activity	I-activity
amount	I-activity	I-activity
and	I-activity	I-activity
by	I-activity	I-activity
vendor	I-activity	I-activity
.	punctuation	punctuation

In	B-signal	B-signal
the	I-signal	I-condition
scenario	I-signal	I-condition
where	B-condition	I-condition
the	I-condition	I-condition
management	I-condition	I-condition
does	I-condition	I-condition
not	I-condition	I-condition
approve	I-condition	I-condition
the	I-condition	I-condition
request	I-condition	I-condition
it	B-activity	B-activity
can	I-activity	I-activity
send	I-activity	I-activity
the	I-activity	I-activity
request	I-activity	I-activity
back	I-activity	I-activity
to	I-activity	I-activity
the	I-activity	I-activity
IT	I-activity	I-activity
department	I-activity	I-activity
for	I-activity	I-activity
rework	I-activity	I-activity
,	punctuation	punctuation
then	B-signal	B-activity
the	B-activity	B-activity
IT	I-activity	I-activity
department	I-activity	I-activity
has	I-activity	I-activity
to	I-activity	I-activity
go	I-activity	I-activity
back	I-activity	I-activity
to	I-activity	I-activity
editing	I-activity	I-activity
and	I-activity	I-activity
completing	I-activity	I-activity
a	I-activity	I-activity
request	I-activity	I-activity
.	punctuation	punctuation

The	B-activity	B-activity
MSPO	I-activity	I-activity
deregisters	I-activity	I-activity
at	I-activity	I-activity
the	I-activity	I-activity
GO	I-activity	I-activity
.	punctuation	punctuation

At	B-signal	B-signal
the	I-signal	I-condition
same	I-signal	I-condition
time	I-signal	I-condition
,	punctuation	punctuation
the	B-activity	B-activity
grid	I-activity	I-activity
operator	I-activity	I-activity
computes	I-activity	I-activity
the	I-activity	I-activity
final	I-activity	I-activity
billing	I-activity	I-activity
based	I-activity	I-activity
on	I-activity	I-activity
the	I-activity	I-activity
meter	I-activity	I-activity
data	I-activity	I-activity
and	I-activity	I-activity
sends	I-activity	I-activity
it	I-activity	I-activity
to	I-activity	I-activity
the	I-activity	I-activity
old	I-activity	I-activity
supplier	I-activity	I-activity
.	punctuation	punctuation

Based	B-signal	B-signal
on	I-signal	I-condition
this	B-condition	I-condition
,	punctuation	punctuation
the	B-activity	B-activity
necessary	I-activity	I-activity
counter	I-activity	I-activity
measures	I-activity	I-activity
are	I-activity	I-activity
determined	I-activity	I-activity
including	I-activity	I-activity
their	I-activity	I-activity
respective	I-activity	I-activity
priorities	I-activity	I-activity
.	punctuation	punctuation

The	B-activity	B-activity
process	I-activity	I-activity
starts	I-activity	I-activity
with	I-activity	I-activity
the	I-activity	I-activity
Provision	I-activity	I-activity
Team	I-activity	I-activity
receiving	I-activity	I-activity
a	I-activity	I-activity
request	I-activity	I-activity
from	I-activity	I-activity
a	I-activity	I-activity
Customer	I-activity	I-activity
.	punctuation	punctuation

The	B-activity	B-activity
Sales	I-activity	I-activity
Assistant	I-activity	I-activity
calls	I-activity	I-activity
each	I-activity	I-activity
customer	I-activity	I-activity
.	punctuation	punctuation

Also	B-signal	B-signal
,	punctuation	punctuation
this	B-activity	B-activity
number	I-activity	I-activity
must	I-activity	I-activity
be	I-activity	I-activity
increased	I-activity	I-activity
if	B-signal	I-condition
the	B-condition	I-condition
contact	I-condition	I-condition
is	I-condition	I-condition
unsuccessful	I-condition	I-condition
.	punctuation	punctuation

Development	O	B-activity
of	O	I-activity
either	O	B-activity
design	O	I-activity
is	O	I-activity
interrupted	O	I-activity
by	O	I-activity
a	O	I-activity
successful	O	I-activity
update	O	I-activity
of	O	I-activity
the	O	I-activity
other	O	I-activity
design	O	I-activity
.	punctuation	punctuation

This	B-activity	B-activity
report	I-activity	I-activity
is	I-activity	I-activity
sent	I-activity	I-activity
out	I-activity	I-activity
to	I-activity	I-activity
Service	I-activity	I-activity
Management	I-activity	I-activity
;	punctuation	punctuation
then	B-signal	I-condition
the	B-activity	B-activity
process	I-activity	I-activity
ends	I-activity	I-activity
.	punctuation	punctuation

Finally	B-signal	B-signal
,	punctuation	punctuation
the	B-activity	B-activity
SO	I-activity	I-activity
:	I-activity	I-activity
Angebot	I-activity	I-activity
/	I-activity	I-activity
Auftrag	I-activity	I-activity
sends	I-activity	I-activity
the	I-activity	I-activity
invoice	I-activity	I-activity
.	punctuation	O

If	B-signal	B-signal
it	B-condition	I-condition
is	I-condition	I-condition
denied	I-condition	I-condition
,	punctuation	punctuation
the	B-activity	B-activity
employee	I-activity	I-activity
is	I-activity	I-activity
informed	I-activity	I-activity
via	I-activity	I-activity
email	I-activity	I-activity
about	I-activity	I-activity
the	I-activity	I-activity
denial	I-activity	I-activity
and	I-activity	I-activity
the	I-activity	I-activity
process	I-activity	I-activity
is	I-activity	I-activity
ended	I-activity	I-activity
.	punctuation	punctuation

The	B-activity	B-activity
GO	I-activity	I-activity
assigns	I-activity	I-activity
himself	I-activity	I-activity
as	I-activity	I-activity
MSP	I-activity	I-activity
.	punctuation	O

If	B-signal	B-signal
this	B-condition	I-condition
is	I-condition	I-condition
not	I-condition	I-condition
the	I-condition	I-condition
case	I-condition	I-condition
,	punctuation	punctuation
the	B-activity	B-activity
technician	I-activity	I-activity
checks	I-activity	I-activity
if	I-activity	I-activity
the	I-activity	I-activity
customer	I-activity	I-activity
can	I-activity	I-activity
correct	I-activity	I-activity
the	I-activity	I-activity
mistake	I-activity	I-activity
.	punctuation	punctuation

In	B-activity	B-activity
each	I-activity	I-activity
department	I-activity	I-activity
(	I-activity	I-activity
Electrical	I-activity	I-activity
Design	I-activity	I-activity
and	I-activity	I-activity
Physical	I-activity	I-activity
Design	I-activity	I-activity
)	I-activity	I-activity
,	I-activity	punctuation
any	I-activity	B-activity
existing	I-activity	I-activity
designs	I-activity	I-activity
are	I-activity	I-activity
reviewed	I-activity	I-activity
,	I-activity	I-activity
resulting	I-activity	I-activity
in	I-activity	I-activity
an	I-activity	I-activity
Update	I-activity	I-activity
Plan	I-activity	I-activity
for	I-activity	I-activity
their	I-activity	I-activity
respective	I-activity	I-activity
designs	I-activity	I-activity
(	I-activity	I-activity
i.e.	I-activity	I-activity
one	I-activity	I-activity
in	I-activity	I-activity
Electrical	I-activity	I-activity
and	I-activity	I-activity
another	I-activity	I-activity
in	I-activity	I-activity
Physical	I-activity	I-activity
)	I-activity	I-activity
.	punctuation	punctuation

On	B-activity	B-signal
the	I-activity	I-condition
basis	I-activity	I-condition
of	I-activity	I-condition
this	I-activity	I-condition
information	I-activity	I-activity
,	I-activity	punctuation
the	I-activity	B-activity
doctor	I-activity	I-activity
is	I-activity	I-activity
put	I-activity	I-activity
through	I-activity	I-activity
to	I-activity	I-activity
the	I-activity	I-activity
nursing	I-activity	I-activity
officer	I-activity	I-activity
responsible	I-activity	I-activity
for	I-activity	I-activity
the	I-activity	I-activity
part	I-activity	I-activity
of	I-activity	I-activity
the	I-activity	I-activity
region	I-activity	I-activity
that	I-activity	I-activity
the	I-activity	I-activity
patient	I-activity	I-activity
lives	I-activity	I-activity
in	I-activity	I-activity
.	punctuation	punctuation

The	B-activity	B-activity
Committee	I-activity	I-activity
Members	I-activity	I-activity
hold	I-activity	I-activity
their	I-activity	I-activity
meeting	I-activity	I-activity
,	punctuation	punctuation
and	O	B-activity
the	B-activity	B-activity
Support	I-activity	I-activity
Office	I-activity	I-activity
then	I-activity	I-activity
produces	I-activity	I-activity
minutes	I-activity	I-activity
including	I-activity	I-activity
any	I-activity	I-activity
Action	I-activity	I-activity
Points	I-activity	I-activity
for	I-activity	I-activity
each	I-activity	I-activity
Committee	I-activity	I-activity
Member	I-activity	I-activity
.	punctuation	punctuation

He	B-activity	B-activity
further	I-activity	B-activity
sends	I-activity	I-activity
it	I-activity	I-activity
to	I-activity	I-activity
the	I-activity	I-activity
lab	I-activity	I-activity
indicated	I-activity	I-activity
in	I-activity	I-activity
the	I-activity	I-activity
request	I-activity	I-activity
form	I-activity	I-activity
and	I-activity	I-activity
conducts	I-activity	I-activity
the	I-activity	I-activity
follow	I-activity	I-activity
-	I-activity	I-activity
up	I-activity	I-activity
treatment	I-activity	I-activity
of	I-activity	I-activity
the	I-activity	I-activity
patient	I-activity	I-activity
.	punctuation	punctuation

The	B-activity	B-activity
billing	I-activity	I-activity
department	I-activity	I-activity
sends	I-activity	I-activity
the	I-activity	I-activity
payment	I-activity	I-activity
request	I-activity	I-activity
to	I-activity	I-activity
the	I-activity	I-activity
bank	I-activity	I-activity
.	punctuation	punctuation

The	B-activity	B-activity
second	I-activity	B-activity
intaker	I-activity	O
plans	I-activity	I-activity
the	I-activity	I-activity
first	I-activity	I-activity
meeting	I-activity	I-activity
only	O	I-activity
after	B-signal	I-activity
the	B-condition	I-activity
medical	I-condition	I-activity
information	I-condition	I-activity
of	I-condition	I-activity
the	I-condition	I-activity
physician	I-condition	I-activity
if	I-condition	I-activity
required	I-condition	I-activity
has	I-condition	I-activity
been	I-condition	I-activity
received	I-condition	I-activity
.	punctuation	punctuation

In	B-signal	B-signal
case	I-signal	I-condition
the	B-condition	I-condition
customer	I-condition	I-condition
is	I-condition	I-condition
premium	I-condition	I-condition
,	punctuation	punctuation
the	B-activity	B-activity
process	I-activity	I-activity
will	I-activity	I-activity
link	I-activity	I-activity
to	I-activity	I-activity
an	I-activity	I-activity
extra	I-activity	I-activity
problem	I-activity	I-activity
fix	I-activity	I-activity
process	I-activity	I-activity
(	I-activity	I-activity
this	I-activity	B-activity
process	I-activity	I-activity
will	I-activity	I-activity
not	I-activity	I-activity
be	I-activity	I-activity
detailed	I-activity	I-activity
here	I-activity	I-activity
)	I-activity	I-activity
.	punctuation	punctuation

Three	B-activity	B-activity
alternative	I-activity	I-activity
process	I-activity	I-activity
paths	I-activity	I-activity
may	I-activity	I-activity
be	I-activity	I-activity
taken	I-activity	I-activity
.	punctuation	punctuation

In	B-signal	B-signal
any	I-signal	I-condition
of	I-signal	I-condition
the	I-signal	I-condition
cases	I-signal	I-condition
,	punctuation	punctuation
approval	B-activity	I-condition
,	I-activity	I-condition
rejection	I-activity	I-condition
or	I-activity	I-condition
change	I-activity	I-condition
required	I-activity	I-condition
the	I-activity	B-activity
system	I-activity	I-activity
will	I-activity	I-activity
send	I-activity	I-activity
the	I-activity	I-activity
user	I-activity	I-activity
a	I-activity	I-activity
notification	I-activity	I-activity
.	punctuation	punctuation

The	B-activity	B-activity
GO	I-activity	I-activity
processes	I-activity	I-activity
the	I-activity	I-activity
measured	I-activity	I-activity
values	I-activity	I-activity
.	punctuation	punctuation

Management	B-activity	B-activity
then	I-activity	I-activity
starts	I-activity	I-activity
negotiations	I-activity	I-activity
by	I-activity	I-activity
sending	I-activity	I-activity
out	I-activity	I-activity
a	I-activity	I-activity
detailed	I-activity	I-activity
offer	I-activity	I-activity
to	I-activity	I-activity
the	I-activity	I-activity
client	I-activity	I-activity
.	punctuation	punctuation

Additional	I-activity	B-activity
observations	I-activity	I-activity
are	I-activity	I-activity
registered	I-activity	I-activity
in	I-activity	I-activity
a	I-activity	I-activity
personal	I-activity	I-activity
notebook	I-activity	I-activity
.	punctuation	punctuation

If	B-signal	B-signal
the	B-condition	I-condition
design	I-condition	I-condition
needs	I-condition	I-condition
adjustment	I-condition	I-condition
the	B-activity	B-activity
web	I-activity	I-activity
designer	I-activity	I-activity
has	I-activity	I-activity
to	I-activity	I-activity
change	I-activity	I-activity
the	I-activity	I-activity
design	I-activity	I-activity
and	I-activity	I-activity
integrates	I-activity	I-activity
the	I-activity	I-activity
design	I-activity	I-activity
and	I-activity	I-activity
decides	I-activity	I-activity
where	I-activity	I-activity
the	I-activity	I-activity
customer	I-activity	I-activity
feedback	I-activity	I-activity
module	I-activity	I-activity
should	I-activity	I-activity
be	I-activity	I-activity
placed	I-activity	I-activity
,	I-activity	I-activity
again	I-activity	I-activity
.	punctuation	punctuation

An	B-activity	B-activity
order	I-activity	I-activity
to	I-activity	I-activity
cash	I-activity	I-activity
process	I-activity	I-activity
starts	I-activity	I-activity
when	B-signal	I-activity
a	B-activity	B-activity
customer	I-activity	I-activity
order	I-activity	I-activity
is	I-activity	I-activity
received	I-activity	I-activity
.	punctuation	punctuation

The	B-activity	B-activity
report	I-activity	I-activity
is	I-activity	I-activity
then	I-activity	I-activity
reviewed	I-activity	I-activity
for	I-activity	I-activity
automatic	I-activity	I-activity
approval	I-activity	I-activity
.	punctuation	punctuation

If	B-signal	B-signal
no	B-condition	I-condition
new	I-condition	I-condition
records	I-condition	I-condition
are	I-condition	I-condition
found	I-condition	I-condition
,	punctuation	punctuation
then	B-signal	B-activity
the	B-activity	B-activity
process	I-activity	I-activity
should	I-activity	I-activity
check	I-activity	I-activity
the	I-activity	I-activity
CRM	I-activity	I-activity
system	I-activity	I-activity
to	I-activity	I-activity
see	I-activity	I-activity
whether	I-activity	I-activity
new	I-activity	I-activity
returns	I-activity	I-activity
have	I-activity	I-activity
been	I-activity	I-activity
filed	I-activity	I-activity
.	punctuation	punctuation

A	B-activity	B-activity
list	I-activity	I-activity
with	I-activity	I-activity
all	I-activity	I-activity
the	I-activity	I-activity
problem	I-activity	I-activity
parameters	I-activity	I-activity
is	I-activity	I-activity
then	I-activity	I-activity
sent	I-activity	I-activity
to	I-activity	I-activity
the	I-activity	I-activity
Customer	I-activity	I-activity
Service	I-activity	I-activity
department	I-activity	I-activity
of	I-activity	I-activity
TELECO	I-activity	I-activity
.	punctuation	O

In	B-signal	B-signal
the	I-signal	I-condition
meanwhile	I-signal	I-condition
a	B-activity	B-activity
reimbursement	I-activity	I-activity
is	I-activity	I-activity
calculated	I-activity	I-activity
and	I-activity	I-activity
paid	I-activity	I-activity
to	I-activity	I-activity
the	I-activity	I-activity
customer	I-activity	I-activity
.	punctuation	punctuation

The	B-signal	B-signal
final	I-signal	I-condition
step	I-signal	I-condition
in	O	I-condition
the	O	I-condition
process	O	I-condition
is	O	I-condition
the	B-activity	I-condition
approval	I-activity	I-activity
of	I-activity	I-activity
this	I-activity	I-condition
order	I-activity	I-activity
,	I-activity	punctuation
which	I-activity	B-activity
is	I-activity	I-activity
granted	I-activity	I-activity
by	I-activity	I-activity
another	I-activity	I-activity
role	I-activity	I-activity
,	I-activity	I-activity
called	I-activity	I-activity
"	I-activity	I-activity
approver	I-activity	I-activity
"	I-activity	O
.	punctuation	punctuation

The	B-activity	B-activity
process	I-activity	I-activity
of	I-activity	I-activity
winning	I-activity	I-activity
a	I-activity	I-activity
new	I-activity	I-activity
customer	I-activity	I-activity
ends	I-activity	I-activity
here	I-activity	I-activity
.	punctuation	punctuation

The	B-activity	B-activity
MPON	I-activity	I-activity
or	I-activity	I-activity
the	I-activity	I-activity
MPOO	I-activity	I-activity
perform	I-activity	I-activity
the	I-activity	I-activity
final	I-activity	I-activity
reading	I-activity	I-activity
.	punctuation	punctuation

Otherwise	B-signal	B-signal
,	punctuation	punctuation
the	B-activity	B-activity
department	I-activity	I-activity
defines	I-activity	I-activity
which	I-activity	I-activity
type	I-activity	I-activity
of	I-activity	I-activity
goods	I-activity	I-activity
are	I-activity	I-activity
needed	I-activity	I-activity
and	I-activity	I-activity
the	I-activity	I-activity
necessary	I-activity	I-activity
amounts	I-activity	I-activity
and	I-activity	I-activity
a	I-activity	I-activity
purchase	I-activity	I-activity
requisition	I-activity	I-activity
is	I-activity	I-activity
created	I-activity	I-activity
in	I-activity	I-activity
the	I-activity	I-activity
ERP	I-activity	I-activity
system	I-activity	I-activity
.	punctuation	punctuation

The	B-activity	B-activity
MSP	I-activity	I-activity
denies	I-activity	I-activity
the	I-activity	I-activity
request	I-activity	I-activity
of	I-activity	I-activity
the	I-activity	I-activity
GO	I-activity	I-activity
or	B-signal	punctuation
the	B-activity	B-activity
MSP	I-activity	I-activity
performs	I-activity	I-activity
the	I-activity	I-activity
measurement	I-activity	I-activity
.	punctuation	punctuation

The	B-activity	B-activity
process	I-activity	I-activity
starts	I-activity	I-activity
with	I-activity	I-activity
the	I-activity	I-activity
business	I-activity	I-activity
analyst	I-activity	I-activity
collecting	I-activity	I-activity
data	I-activity	I-activity
and	I-activity	I-activity
conducting	I-activity	I-activity
business	I-activity	I-activity
analysis	I-activity	I-activity
regarding	I-activity	I-activity
customer	I-activity	I-activity
feedback	I-activity	I-activity
,	punctuation	punctuation
then	B-signal	B-activity
the	B-activity	B-activity
web	I-activity	I-activity
designer	I-activity	I-activity
integrates	I-activity	I-activity
the	I-activity	I-activity
design	I-activity	I-activity
and	I-activity	I-activity
decides	I-activity	I-activity
where	I-activity	I-activity
the	I-activity	I-activity
customer	I-activity	I-activity
feedback	I-activity	I-activity
module	I-activity	I-activity
should	I-activity	I-activity
be	I-activity	I-activity
placed	I-activity	I-activity
.	punctuation	punctuation

The	B-activity	B-activity
courier	I-activity	I-activity
company	I-activity	I-activity
informs	I-activity	I-activity
the	I-activity	I-activity
client	I-activity	I-activity
about	I-activity	I-activity
a	I-activity	I-activity
potential	I-activity	I-activity
delay	I-activity	I-activity
until	I-activity	I-activity
there	I-activity	I-activity
are	I-activity	I-activity
enough	I-activity	I-activity
human	I-activity	I-activity
resources	I-activity	I-activity
to	I-activity	I-activity
process	I-activity	I-activity
the	I-activity	I-activity
delivery	I-activity	I-activity
.	punctuation	punctuation

production	B-activity	B-activity
planning	I-activity	I-activity
system	I-activity	I-activity
optimizes	I-activity	I-activity
our	I-activity	I-activity
production	I-activity	I-activity
processes	I-activity	I-activity
and	I-activity	I-activity
creates	I-activity	I-activity
possibly	I-activity	I-activity
uniform	I-activity	I-activity
work	I-activity	I-activity
packages	I-activity	I-activity
so	O	I-activity
that	O	I-activity
the	O	I-activity
setup	O	I-activity
times	O	I-activity
are	O	I-activity
minimized	O	I-activity
.	punctuation	punctuation

If	B-signal	B-signal
something	B-condition	I-condition
is	I-condition	I-condition
missing	I-condition	I-condition
,	punctuation	punctuation
the	B-activity	B-activity
staff	I-activity	I-activity
has	I-activity	I-activity
to	I-activity	I-activity
inform	I-activity	I-activity
customer	I-activity	I-activity
about	I-activity	I-activity
a	I-activity	I-activity
potential	I-activity	I-activity
delay	I-activity	I-activity
and	I-activity	I-activity
order	I-activity	I-activity
the	I-activity	I-activity
missing	I-activity	I-activity
products	I-activity	I-activity
.	punctuation	punctuation

In	B-signal	B-signal
the	I-signal	I-condition
latter	I-signal	B-signal
,	punctuation	punctuation
he	B-activity	B-activity
will	I-activity	I-activity
mail	I-activity	I-activity
a	I-activity	I-activity
letter	I-activity	I-activity
of	I-activity	I-activity
refusal	I-activity	I-activity
.	punctuation	punctuation

For	B-signal	B-signal
the	I-signal	I-condition
case	I-signal	I-condition
that	O	I-condition
minor	B-condition	I-condition
corrective	I-condition	I-condition
actions	I-condition	I-condition
are	I-condition	I-condition
required	I-condition	I-condition
,	punctuation	punctuation
Service	B-activity	I-activity
Management	I-activity	I-activity
will	I-activity	I-activity
undertake	I-activity	I-activity
corrective	I-activity	I-activity
actions	I-activity	I-activity
by	I-activity	I-activity
themselves	I-activity	I-activity
.	punctuation	punctuation

If	B-signal	B-signal
the	B-condition	I-condition
design	I-condition	I-condition
passes	I-condition	I-condition
the	I-condition	I-condition
test	I-condition	I-condition
,	punctuation	punctuation
then	B-signal	B-activity
it	B-activity	B-activity
tells	I-activity	I-activity
the	I-activity	I-activity
other	I-activity	I-activity
department	I-activity	I-activity
that	I-activity	I-activity
they	I-activity	I-activity
need	I-activity	I-activity
to	I-activity	I-activity
restart	I-activity	I-activity
their	I-activity	I-activity
work	I-activity	I-activity
.	punctuation	punctuation

